"Search Parameters"	"Year"	"Mo"	"Dy"	"Hr"	"Mn"	"Sec"	"Tsu"	"Vol"	"Location Name"	"Latitude"	"Longitude"	"Focal Depth (km)"	"Mag"	"MMI Int"	"Deaths"	"Death Description"	"Missing"	"Missing Description"	"Injuries"	"Injuries Description"	"Damage ($Mil)"	"Damage Description"	"Houses Destroyed"	"Houses Destroyed Description"	"Houses Damaged"	"Houses Damaged Description"	"Total Deaths"	"Total Death Description"	"Total Missing"	"Total Missing Description"	"Total Injuries"	"Total Injuries Description"	"Total Damage ($Mil)"	"Total Damage Description"	"Total Houses Destroyed"	"Total Houses Destroyed Description"	"Total Houses Damaged"	"Total Houses Damaged Description"
"[""Region = S. and SE. Asia and Indian Ocean""]"																																						
	-326	11					5282		"INDIA:  KUTCH"	23	71																							1				
	25					0			"PAKISTAN"	33	72											3																
	460	7	22						"THAILAND:  YONOK-NAGABANDHU"	20.3	100			12		3						3						3						3				
	1072								"YEMEN:  SANA, ZABID; SAUDI ARABIA:  MECCA"	14.2	43.3			8	50	1						2		2		2	50	1						2		2		
	1255	6	7						"NEPAL:  KATHMANDU"	27.7	85.3					3						3		3				3						3		3		
	1358								"YEMEN:  ZABID,SANA,ADAN"	14.1	43.2			8	61	2						2																
	1377								"YEMEN:  ADEN (ADAN)"	12.4	45.1											2																
	1387	9	5						"YEMEN:  ADEN (ADAN)"	12.4	45.1					3						3						3						3				
	1426								"YEMEN:  ZABID,BAHRAIN"	14.1	43.2			11	60	2						3																
	1463								"YEMEN:  ZABID"	14.1	43.2			9	10	1							50	1	50	1	10	1						1	50	1		
	1501	9	24						"INDIA:  KASHMIR:  SRINAGAR"	34.1	74.8			7								2		2										2		2		
	1505	6	6						"NEPAL-INDIA"	29.5	83		8.2			3						3		3				3						3		3		
	1524						3648		"INDIA:  DABUL"	17	73.2																							1				
	1555	9							"INDIA:  KASHMIR:  SRINAGAR"	33.5	75.5		7.6	12		3						3		3				3						3		3		
	1618	5	26						"INDIA:  BOMBAY"	18.9	72.9			9	2000	4						3					2000	4						3				
	1668	5	2						"PAKISTAN:  INDUS DELTA; INDIA: SAMAWANI (SAMAJI)"	24	68	10										3	30000	4										3	30000	4		
	1669	6	4						"INDIA:  FORT MADRAN"					11																								
	1678								"INDIA:  KASHMIR:  SRINAGAR"	34.1	74.8			7		2						2		2				2						2		2		
	1679	9	21					4969	"YEMEN:  AL MUKHA"	13.3	43.3											1												1				
	1681	12	11				5302		"INDONESIA:  SUMATRA:  MENTAWAI ISLANDS"																													
	1688	5				0			"PAKISTAN:  DELTA OF THE INDUS"	24	68											3																
	1713								"INDIA:  ARUNACHAL; BHUTAN"	27.5	93					3						3		3				3						3		3		
	1714	8	4				3351		"MYNAMAR (BURMA):  AVA (INNWA)"	21.85	95.967																											
	1720	7	15						"INDIA:  DELHI"	29	77.5					3						2																
	1722	10					392		"INDONESIA:  JAVA: DJAKARTA (JAKARTA)"	-6.174	106.829			9																								
	1737	10	11				2691		"INDIA:  CALCUTTA"																													
	1750						434		"MYANMAR (BURMA) COAST"	18.5	93.4																											
	1757	8	24				465		"INDONESIA:  JAKARTA"	-6	107		7.5																									
	1762	4	2				471		"BANGLADESH:  CHITTAGONG, DACCA, ARRACAN"	22	92			11	200	3						3						3						3				
	1770						500		"INDONESIA:  SUMATRA:"	-5	102		7									3		3										3		3		
	1784	11							"INDIA:  KASHMIR:  SRINAGAR"	34.1	74.8			8		3						2		2				3						2		2		
	1797	2	10				576		"SW. SUMATRA"	0.001	99		8	9								1					300	3						2		3		
	1803	9	1			0			"INDIA:  UTTARAKHAND, MATHURA (MUTTRA)"	31	79		7.5			3						3		3		3		3						3		3		3
	1814						611		"INDONESIA:  TIMOR ISLAND, KUPANG, KISSAR ISLAND"	-10.217	123.633											3												3				
	1815	11	22				615		"INDONESIA:  BALI"	-8	115	150	7	9	10253	4											11453	4										
	1816	5	1				616		"INDONESIA; MALAYSIA:  PENANG ISLAND"	5	96.5																											
	1818	3	18				621		"INDONESIA:  SUMATRA:  BENGKULU"	-4	101.5		7	9								1												1				
	1818	11	8				622		"INDONESIA:  SUMBAWA ISLAND:  BIMA"	-7	117	600	8.5									2		3										2		3		
	1819	6	16	23	30		629		"INDIA:  RANN OF KUTCH,AHMADABAD,POONAH,BHOOJ"	23	71		7.7	11	1543	4						4	1547	4			1543	4						4	1547	4		
	1820	12	29				635		"INDONESIA:  SULAWESI:  MAKASAR"	-7	119	80	7.5	10													500	3						2		3		
	1823	9	9				643		"INDONESIA:  JAVA"	-6.5	108.5	150	6.8																									
	1827	9	26						"PAKISTAN:  LAHORE, PUNJAB"	31.6	74.3				1000	3						2																
	1828	6	6			0			"INDIA:  KASHMIR"	34.2	74.5				1000	3						3																
	1828	12	29				670		"INDONESIA:  SULAWESI"	-7	119			9		3						3						3						3				
	1833	5	30						"INDIA:  LOHUGHAR"	29.4	80.1		7.5																									
	1833	8	26						"NEPAL: KATHMANDU; INDIA: BIHAR; CHINA: TIBET"	28.3	85.5		7.7	9	500	3				3		3		4		4	500	3				3		3		4		4
	1833	11	24				681		"INDONESIA:  SUMATRA:  BENGKULU"	-2.5	100.5	75	8.3	9								2		1		1		1						2		1		1
	1834	10	10						"INDONESIA:  JAVA:  BOGOR, CINAJUR"	-6.7	107			9								3				3								3				3
	1836	3	5				695		"FLORES SEA"	-8.3	118.7																											
	1836	11	28				701		"FLORES SEA"	-8.3	118.7		7.5									1		2										1		2		
	1837	9	29				706	4905	"INDONESIA:  BANDA ATJEH"	5.5	96	100	7.3									2												2				
	1837	11	28						"INDONESIA:  SUMBAWA ISLAND:  BIMA"	-8.5	118.5			9								2												1		2		
	1838								"MYANMAR (BURMA):  AVA (INNWA)"	21.8	96											3												3				
	1839	3	23						"MYANMAR (BURMA):  AVA, AMARAPURA"	21.9	96			11	400	3						3		3			400	3						3		3		
	1840	1	4				715		"INDONESIA:  JAVA:  PURWOREJO"	-8	110.5	150	7	9								3		3										3		3		
	1842	11	11				727		"BANGLADESH:"	24	89.25		6									1												1				
	1843	1	5				728		"SW. SUMATRA"	1.5	98	70	7.3	11		3						3		3				3						3		3		
	1843	2	7				729		"INDONESIA:  JAVA:  GENTENG ISLAND"	-7.2	114		6																									
	1843	4	1			0			"INDIA:  DECCAN"	19	77											2																
	1845	6	19				743		"INDIA:  RANN OF KUTCH"	23.583	68.367		6.3	8		1						1		1				1						2		2		
	1846	12	10			0			"INDIA"	26	93		7.5																									
	1847	10	31				757		"INDIA:  LITTLE NICOBAR ISLAND"	7.333	93.667			10								1		2										1		2		
	1847	11	16						"INDONESIA:  JAVA:  CHERIBON"	-6.67	108.55											2												2				
	1851	4	19	14	30				"PAKISTAN:  GAVADER"	25.1	62.3											2		3		3								2		3		
	1852	1	9				5454		"INDONESIA:  JAVA: DJAKARTA; SUMATRA: TELUKBETUNG"	-6.5	105.5	150	6.5	8								1				1								1				1
	1852	1	24						"PAKISTAN:  UPPER SINDH, FORT KAHAN, MURREE HILLS"	27.7	68.8				350	3						3		3		3	350	3						3		3		
	1852	11	11	0	0		794		"INDONESIA:  SUMATRA:  SIBOLGA"	1.5	98		6.8																									
	1856	7	25				861		"INDONESIA:  LOMBOK ISLAND"	-8.5	116																											
	1857	5	13				870		"INDONESIA:  TIMOR ISLAND::  DILHI, GERA"	-8	115.5	50	7		36	1						2		2			36	1						2		2		
	1858	8	24						"MYANMAR (BURMA):  THAYETMYO, PROME"	19	95											3												3				
	1859	10	20				892		"S. JAVA SEA"	-9	111																2	1						1				
	1861	2	16				904		"INDONESIA:  LAGUNDI, SIMUK, TELLO I"	-1	97.5	70	8.5	9		3						2					1105	4						2				
	1861	3	9				907		"INDONESIA:  SW. SUMATRA"	0.009	98	20	7			3						2	96	2			950	3						3	96	2		
	1861	4	26				909		"INDONESIA:  SW. SUMATRA"	1	97.5	70	7																									
	1861	6	17				913		"INDONESIA:  SW. SUMATRA"	1	97.5		6.8																									
	1861	9	25				914		"INDONESIA:  SW. SUMATRA"	-1.5	100		6.5																					1		1		
	1863	3	16				927		"INDONESIA:  JAVA"	-6.1	106.7																											
	1863	7	31						"INDONESIA:  JAVA:  BANYUMAS"	-7.5	109.3											2		3										2		3		
	1865	7	16						"INDONESIA:  JAVA:  AMBARAWA"	-7.2	110.3											2												2				
	1866	5	23						"NEPAL:  KATHMANDU"	27.7	85.3											2		2		2								2		2		
	1867	6	10				5749		"INDONESIA:  JAVA:  JOGYAKARTA, SURAKARTA"	-7.8	110.4			9	5	1						3	372	3			5	1						3	372	3		
	1868	6	30			0			"BANGLADESH:  SYLHET"	24.5	91.5		7.5																									
	1869	1	10			0			"INDIA:  ASSAM:  CACHAR,SILCHAR"	24.5	92.5				2	1						3		4		3	2	1						3		4		3
	1869	7	7						"NEPAL:  KATHMANDU"	27.7	85.3		6.5			3						4		4		4		3						4		4		
	1874	5					5284		"BANGLADESH:  BHOLA"	22	89																2000	4										
	1875	10	25						"INDONESIA:  W JAVA:  KUNINGAN"	-6.9	108.3			8	7	1						3			1001	4	7	1						3			1001	4
	1881	12	31				1128		"INDIA:  ANDAMAN I,NICOBAR I"	8.52	92.43		7.9									3				3								3				3
	1882	1					1130		"SRI LANKA:  TRINCOMALEE"	8.567	81.233																											
	1885	5	30						"INDIA:  KASHMIR:  SRINAGAR"	34.5	74.68		6.3		3000	4						4		4		4	3000	4						4		4		4
	1885	6	6			0			"INDIA:  KASHMIR"	34	76											3																
	1885	7	14						"BANGLADESH:"	24.8	89.5		6.9	7	75	2						2		4			75	2						2		4		
	1885	7	29				1154		"INDONESIA:  SUMATRA:  AJERBANGIS"	0	99.5		6.8																									
	1885	12	14				1160		"INDONESIA:  BANDA ATJEH"	5.55	95.3																											
	1886	1	31				1162		"INDONESIA:  KOETA RADJA (ATJEH)"	5.6	95.3																											
	1887	5	19				1163		"INDONESIA:  SUMATRA:  ACEH:  SIGLI"	5.4	96																											
	1888	3	21				1176		"INDONESIA:  SUMATERA:  BREUEH ISLAND"	5.8	95																											
	1889	11	23				1184		"INDONESIA:  MADURA ISLAND, JAVA"	-7	113.5		6																									
	1890	12	12						"INDONESIA:  JAVA:  PATI"	-6.76	111.04			8		2						2		3				2						2		3		
	1891	5	19				1185		"INDONESIA:  SUMATRA:  ACEH:  SIGLI"	5.4	96																											
	1891	10	5				1190		"TIMOR SEA"	-9	124	80	7																									
	1892	5	17	12	10		1196		"INDONESIA:  SUMATRA:  PADANGSIDIMPUAN, LAKE TOBA"	2.5	99.5			6								2		3		3								2		3		
	1892	12	20			0			"PAKISTAN:  CHAMAN,BALUCHISTAN"	30.5	66.2											3																
	1895								"MYANMAR (BURMA):  RANGOON"	16.8	96.2											2												2				
	1896	4	18						"INDONESIA:  TIMOR:  ALOR ISLAND"	-8.25	124.75			8	250	3						2		3			250	3						2		3		
	1896	10	10				1235		"INDONESIA:  SW. SUMATRA, JAVA"	-3.5	102.5	130	6.8									1				1								1				1
	1897	3	15				1238		"INDONESIA:  KAJUADI ISLAND"	-6.8	120.8	15	5.5																									
	1897	6	12	11	6		5262		"INDIA:  ASSAM; BANGLADESH"	26	91	33	8	10	1542	4						4		4		4	1542	4						4		4		4
	1899	1	29				4862		"AUSTRALIA:  POINT CHARLES, DARWIN"	-12.4	130.7																											
	1900	1	14						"INDONESIA:  JAVA:  SUKABUMI"	-6.84	106.96			7								2				3								2				3
	1903	2	27	0	43	18			"INDONESIA:  S OF JAVA"	-8	106		8.1																									
	1904	9	7				1318		"INDONESIA:  S. JAVA"	-7.7	109																											
	1905	4	4	0	50	0	1322		"INDIA:  KANGRA"	33	76	25	7.8	10	19000	4						4					19000	4						4				
	1906	11	19	7	18	0			"AUSTRALIA:  WEST COAST"	-22	109		7.8																									
	1907	1	4	5	19	12	1349		"INDONESIA:  NW SUMATRA:  GUNUNGSITOLi, BARUS"	2	94.5	50	7.8									3		3		3	400	3						3		3		
	1908	2	6				1367		"SW. SUMATRA"	-2	100	130	7.5																									
	1908	3	23	12	20		1369		"INDONESIA:  TIMOR"	-10	129		6.6									1												1				
	1908	12	12						"MYANMAR (BURMA):  KACHIN"	26.639	96.866	15	7.2																									
	1909	6	3	18	40	48	1376		"INDONESIA:  SW SUMATRA:  KERINTJI, REDJANGLEBONG"	-2	101	40	7.6			3						3		3		3		3						3		3		
	1909	7	8	2	30				"PAKISTAN"	35.5	72.5				10	1						1																
	1909	10	20	23	41	0			"PAKISTAN"	30	68	60	7.2		231	3						2																
	1912	5	23	2	24	6			"MYANMAR (BURMA):  MANDALAY, MOGOK, MAYMYO"	21	97	25	8	9		1						3																
	1914	6	25	19	7	25.9	1418		"INDONESIA:  SUMATERA"	-3.924	101.82	35	7.6		20	1			20	1		1		1			20	1			20	1		1		1		
	1916	8	28	6	39	29			"NEPAL; TIBET (XIZANG PROVINCE)"	30	81	33	7.7																									
	1916	9	11	6	36	30			"INDONESIA:  JAVA"	-9	113	100	7.3									3	340	3										3	340	3		
	1917	1	20	23	11	34	1439		"INDONESIA:  BALI"	-7	116		6.6	9	1500	4						2		2			1500	4						2		2		
	1918	7	8	10	22	7			"BANGLADESH:  SRIMANGAL"	24.5	91	60	7.6									2												2				
	1921	9	11	4	1	38	1490		"INDONESIA:  S OF JAVA"	-11	111		7.5									1												1				
	1922	4	10				1500		"SW. SUMATRA"	-1	100.35																											
	1922	7	8				1502		"LHOKNGA, ACEH"	5.5	95.2																											
	1923	5	15						"INDONESIA:  JAVA:  MAOS"	-7.7	109.2			9								2												2				
	1923	9	9	22	3	46.7			"BANGLADESH:  MYMENSINGH"	24.969	90.752	15	6.9		50	1						2					50	1						2				
	1924	11	12						"INDONESIA:  JAVA"	-7.3	109.8				60	2																						
	1924	12	2						"INDONESIA:  JAVA:  WONOSOBO"	-7.3	109.9			9	727	3						3																
	1925	1	8				1549		"INDONESIA:  BANDA SEA"	-8	115			3																								
	1926	6	28	3	23	25	1567		"INDONESIA:  SUMATERA"	-0.7	100.6		5.8	9		3				3		2						3				3		2				
	1926	7	5						"INDONESIA:  SUMATRA"	-0.3	100.4					3						2		2				3						2		2		
	1926	12	13						"INDONESIA:  JAVA:  PRUPUK,MARGARSARI,DUBUKTENGAH"	-7.1	109			9						2		3										2		3				
	1928	3	9	18	5	27			"INDIAN OCEAN:  S"	-2.5	88.5	33	8.1																									
	1929	1	19	11	19				"MYANMAR (BURMA):  HTAWGAW"	25.5	98		5.5	9								2												2				
	1929	6	4			0			"MYANMAR (BURMA):  MYITKYINA"	25.2	97.2											2																
	1930	5	5	13	45	58	3052		"MYANMAR (BURMA):  PEGU, RANGOON"	17.3	96.5		7.3	9	500	3						3		3		3	500	3						3		3		3
	1930	6	19	13	7	27	1625		"JAVA-S. JAVA SEA"	-5.6	105.3	33	6																									
	1930	7	2	21	3	42			"BANGLADESH:  DHUBRI,ASSAM"	25.5	90		7.1	9								3												3				
	1930	7	18			0			"MYANMAR (BURMA):  THARRAWADDY"	17.4	95.5				50	1						2																
	1930	7	19	15	20	12	1626		"S. JAVA SEA"	-9.3	114.3	100	6.5																									
	1930	12	3	18	51	51			"MYANMAR (BURMA):  PYU"	18.2	96.4		7.3		36	1				3		2		2		2	36	1				3		2		2		2
	1931	1	27	20	9	0			"MYANMAR (BURMA):  KACHIN"	25.6	96.8	60	7.6																									
	1931	1	28	20	9	0			"MYANMAR (BURMA):  KAMAING"	25.4	96.8			9								2																
	1931	8	27	15	27	0			"PAKISTAN:  MACH,BALUCHISTAN"	29.8	67.3	60	7.4									3																
	1931	9	25	5	59	44	1644		"SW. SUMATRA"	-5	102.75		7.4	8								1												1				
	1932	8	14	4	39	32			"MYANMAR; INDIA:  ASSAM"	26	95.5	120	7									2												2				
	1933	6	24	21	54	48.8			"INDONESIA:  S SUMATERA"	-5.151	104.528	20	7.5																									
	1933	6	25	5	43	22			"INDONESIA:  S SUMATERA"	-5.007	104.501	20	5.8	9		1						2						1						2				
	1934	1	15	8	43	25	1668		"NEPAL; INDIA:  BIHAR"	26.773	86.762	35	8	11	10600	4						4		4		4	10600	4						4		4		
	1935	5	30	21	32	46	1679		"PAKISTAN:  QUETTA"	29.5	66.8	33	7.5	10	60000	4					25	4		4		4	60000	4					25	4		4		
	1935	11	25	10	3	3	1688		"INDONESIA:  CELEBES SEA"	5.5	94		6.5																									
	1935	12	28	2	35	22	1689		"INDONESIA:  N SUMATERA:  BATU I,PADANG,SIBOLGA"	0	98.25	33	7.9	8						1		2		2								1		2		2		
	1936	8	23	21	12	13	1692		"INDONESIA:  BANDA ACEH,LHOK SUKON,LHOKSEMAWE"	6.1	94.7		7.3	8	9	1			20	1		2					9	1			20	1		2				
	1936	9	9						"INDONESIA:  N SUMATERA:  TAPANULI, KARO"	3.5	97.5			8	17	1						2					17	1						2				
	1937	9	27	8	55	10			"INDONESIA:  JAVA:  JOGYAKARTA:  KLUMPIT,PRAMBANAN"	-9.4	110.2	70	7.2	9	1	1						3	326	3	2200	4	1	1						3	326	3	2200	4
	1941	1	11	8	32	59			"YEMEN:  RAZIH"	16.4	43.5		5.9	8	1200	4			200	3			700	3	1000	3	1200	4			200	3			700	3	1000	3
	1941	6	26	11	52	3.7	1746		"INDIA:  ANDAMAN ISLANDS,MADRAS; SRI LANKA:  COLOMBO"	11.94	92.626	20	8			1				1		4		4				1				1		4		4		
	1942	11	10	11	41	27			"SOUTH AFRICA:  PRINCE EDWARD ISLAND"	-49.5	32	25	7.9																									
	1943	6	9	3	6	22			"INDONESIA:  S SUMATERA"	-1	101	50	7.6																									
	1943	7	23	14	53	9			"INDONESIA:   JAVA:  JOGYAKARTA"	-9.5	110	90	8.1	8	213	3			2096	4		3			2800	4	213	3			2096	4		3			2800	4
	1943	10	23			0			"MYANMAR (BURMA)"	21.5	93.5		7.2									2																
	1944	3	22	0	43	18			"INDONESIA:  FLORES"	-8.5	123.5	220	7.5																									
	1945	11	27	21	56	50	1761		"PAKISTAN:  MAKRAN COAST"	24.5	63	15	8	10	4000	4					25	4					4000	4					25	4				
	1946	9	12	15	17	17			"MYANMAR (BURMA)"	23.9	96.2	60	7.5																									
	1946	9	12	15	20	23			"MYANMAR (BURMA)"	23.9	96.2	60	7.8																									
	1947	7	29	13	43	22			"INDIA-CHINA"	28.5	94	60	7.9																									
	1947	8	5	14	24	10			"PAKISTAN:  GWADAR"	25.5	63		7.6																									
	1948	6	2	18	58	18	1783		"INDONESIA:  OFF NORTHWEST COAST"	6	95		6.2																									
	1949	5	9	13	36	18	1793		"INDONESIA:  BANDA ACEH"	5	95		6.7																									
	1950	6	19	12	36	54			"INDONESIA:  JAVA:  GRESIK"	-6	113		6.5	7	16	1			50	1		1	50	1			16	1			50	1		1	50	1		
	1950	8	15	14	9	30	1806		"INDIA-CHINA"	28.5	96.5	33	8.6	11	1530	4					20	3					1530	4					20	3				
	1951	12	8	4	14	12			"INDIAN OCEAN:  S"	-34	57	25	7.9																									
	1954	3	21	23	42	11			"MYANMAR; INDIA:  CALCUTTA, CUTTACK, BHAGALPUR"	24.5	95.3	180	7.4									2												2				
	1954	11	2	8	24	54			"INDONESIA:  SUMABAWA:  BIMA,RABA"	-8	119		6.8	8								1				2								1				2
	1955	2	18	22	48	33			"PAKISTAN:  QUETTA"	30.5	67				12	1				3		2					12	1				3		2				
	1955	5	17	14	49	49	1850		"INDIA:  LITTLE NICOBAR ISLAND"	6.5	94		7.3																									
	1956	7	16	15	7	0			"MYANMAR (BURMA)"	22.2	95.7	39	7		38	1						2																
	1956	7	21	15	32	30.1			"INDIA:  ANJAR, BHUJ, GANDHIDHAM, KANDLA"	23.278	70.107	15	6	9	156	3						3					156	3						3				
	1957	4	16	4	4	4			"INDONESIA:  JAVA SEA"	-4.6	107.1	600	7.5																									
	1957	9	26				1872		"S. JAVA SEA"	-8.2	107.3																											
	1958	4	21	22	37	36	1879		"INDONESIA:  SUMATRA:  BENGKULU"	-4.5	104	200	6.7																									
	1958	10	20	1	12	37			"INDONESIA:  JAVA:  MALANG"	-9.5	112.5	100	6.7	8	8	1			1856	4		2	95	2	206	3	8	1			1856	4		2	95	2	206	3
	1960	8	27	15	58	0			"INDIA:  N"	28.6	76.7	58										2																
	1961	2	4	8	51	0			"INDIA"	24.9	93.34	141	7.6																									
	1961	3	16	13	45	35.6			"INDONESIA:  FLORES:  ENDEH"	-8.2	122	74	6.5	8	2	1			6	1		2					2	1			6	1		2				
	1963	5	18	12	20	34.4		353	"INDONESIA:  BALI"	-8.2	115.6	65	6																									
	1963	9	2	1	34	0			"INDIA:  KASHMIR:  SW"	33.9	74.8	25	5.3		80	2						2																
	1963	12	16	1	51	31	1949		"INDONESIA:  JAVA:  LABUHAN, MENES, PONOROGO"	-6.4	105.4	64	6.6									1				1								1				1
	1964	4	2	1	11	51	1956		"INDONESIA:  BANDA ACEH"	5.9	95.7	130	7	7								3		3										3		3		
	1966	6	27	10	41	9.5			"NEPAL-INDIA"	29.554	80.854	23	6.3	8	80	2			100	2	1	2	5200	4			80	2			100	2	1	2	5200	4		
	1966	8	15	2	15	0			"INDIA:  N"	28.7	78.9	53	5.6		15	1						1																
	1967	2	19	22	14	35.3			"INDONESIA:  JAVA:  DAMPIT,GONDANG,TRENGGALEK"	-9.2	113.1	80	6.8	9	54	2			300	3		3	2000	4	5000	4	54	2			300	3		3	2000	4	5000	4
	1967	4	12	4	51	50.2	1988		"INDONESIA-MALAYSIA:  N SUMATERA,MALAY PENINSULA"	5.5	97.3	100	6.1		14	1						3	2000	4			14	1						3	2000	4		
	1967	12	10	22	51	23.5			"INDIA"	17.412	73.885	15	6.6	8	180	3					0.4	1					180	3					0.4	1				
	1968	10	14	2	58	0			"AUSTRALIA:  MECKERING, NORTHAM, CUNDERDIN, YORK"	-31.6	117	5	6.9	9							2.2	2																
	1969	11	21	2	5	35			"INDONESIA:  OFF NW COAST SUMATERA"	2.1	94.6	20	7.7																									
	1970	3	23	1	52	59.3			"INDIA:  BROACH"	21.7	73	3	5.4		26	1			200	3		2					26	1			200	2		2				
	1971	2	4	15	33	28.6			"INDONESIA:  NATAL, SIBOLGA, TARUTUNG, PASAMAN"	0.6	98.8	40	7.1	6								2												2				
	1971	6	16	14	44	22.5			"INDONESIA:  JAVA:  BUARAN,BANTAR KAWSUN,JIPANG"	-7.2	109.1	35	5.2		1	1			6	1		3			1377	4	1	1			6	1		3			1377	4
	1972	9	3	16	48	28.8			"PAKISTAN:  TANGIR, GUPIS, RAWALPINDI, PESHAWAR"	36	73.4	36	6.2		100	2						3	1000	3	1000	3												
	1974	12	28	12	11	43.7	2071		"PAKISTAN:  BALAKOT, PATAN"	35.1	72.9	22	6.2	7	5300	4			17000	4	3.255	2		3		3	5300	4			17000	4	3.255	2		3		
	1975	1	19	8	2	2.5			"INDIA:  KASHMIR:   KINNAUR DISTRICT"	32.46	78.43	33	6.8		47	1						2					47	1						2				
	1975	2	9	4	45	24.5			"INDONESIA:  JAVA"	-6.7	106.7	27	5.6	8	1	1						2					1	1						2				
	1975	7	8	12	4	42.4			"MYANMAR (BURMA):  PAGAN"	21.49	94.7	157	6.5		1	1			1	1	0.5	1					1	1			1	1	0.5	1				
	1976	7	14	7	13	24			"INDONESIA:  BALI"	-8.17	114.888	40	6.5		573	3			4755	4	195	4					573	3			4755	4	195	4				
	1977	1	26	13	11	29.8			"INDONESIA:  BALI: KAYUBIHI,BANJAR ANTUGAN JEHEM"	-8.22	115.19	33	5.2	6								1																
	1977	3	8	23	17	28			"INDONESIA:  SUMATERA,SINURAT,TALU"	0.45	100.02	22	6	8								1																
	1977	8	19	6	8	55.2	2092		"INDONESIA:  SUNDA ISLANDS"	-11.085	118.464	33	8									1					189	3			75	2	1.2	2				
	1978	3	16	2	0	0.5			"PAKISTAN:  QUETTA, NUSHKI"	29.926	66.302	33	5.9	2	1	1						2					1	1						2				
	1979	5	21	16	31	5.2			"INDONESIA:  BALI"	-8.299	115.934	43	5.4									3																
	1979	5	30	9	38	52.9			"INDONESIA:  SUMBAWA ISLAND"	-8.207	115.949	25	5.8		22	1					4.15	2					22	1					4.15	2				
	1979	6	2	9	47	58.1			"AUSTRALIA:  WESTERN"	-30.812	117.179	6	6.1								1.5	2																
	1979	10	20	1	41	10.4			"INDONESIA:  SUMBAWA ISLAND"	-8.254	115.847	38	6.2		2	1			40	1		2					2	1			40	1		2				
	1979	11	2	15	53	3.5			"INDONESIA:  JAVA"	-7.656	108.252	62	6.1		30	1			200	3	16	3					30	1			200	3	16	3				
	1979	12	15	0	2	41.6			"INDONESIA:  S SUMATERA"	-3.299	102.712	33	6.6		8	1			162	3		2	2500	4			8	1			162	3		3	2500	4		
	1979	12	17	19	58	23.8			"INDONESIA:  SUMBAWA ISLAND:  BALI, LOMBOK"	-8.39	115.889	33	6.3		27	1			200	3		2					27	1			200	3						
	1980	4	16	12	18	20.6			"INDONESIA:  JAVA:  TASIKMALAJA"	-8.082	108.793	84	5.8									2												2				
	1980	7	29	14	58	40.8			"NEPAL-INDIA:   PITHORAGARH"	29.598	81.092	18	6.5		200	3				3	245	4					200	3				3	245	4				
	1980	8	23	21	36	51.6			"INDIA:  KASHMIR"	32.913	75.633	25	4.9		15	1			40	1		2		3		3	15	1			40	1		2		3		
	1980	8	23	21	50	3			"INDIA:  KASHMIR"	32.834	75.629	33	4.8			1						1						1						1				
	1981	9	12	7	15	54.1			"PAKISTAN: GILGIT"	35.693	73.594	33	5.9		220	3			2500	4	5	2					220	3			2500	4	5	2				
	1981	12	12	20	26	46.9			"PAKISTAN:  CENTRAL"	29.856	66.962	33	4		6	1			12	1		2	45	1	45	1	6	1			12	1		2	45	1		
	1982	1	20	4	25	11.6			"INDIA:  LITTLE NICOBAR ISLAND"	6.946	94.002	19	6.3							2		2										2		2				
	1982	2	10	16	17	51.5			"INDONESIA:  JAVA, SUKABUMI"	-6.863	106.936	40	5.5						17	1	3.5	2									17	1	3.5	2				
	1982	2	24	4	22	40.3	2134		"INDONESIA:  NORTHERN SUMATERA"	4.374	97.755	52	5.4																									
	1982	3	11	10	32	27.7	2343		"INDONESIA:  SUMBAWA ISLAND REGION"	-9.265	118.479	33	6.4																									
	1982	8	6	20	40	52.2			"INDONESIA:  FLORES ISLANDS:  RUTENG"	-8.375	120.577	46	5.6									2												2				
	1982	12	13	9	12	48			"YEMEN:  DHAMAR"	14.701	44.379	5	6	8	2800	4			1500	4	2000	4		4			2800	4			1500	4	2000	4		4		
	1982	12	25	12	28	2.8	2689		"INDONESIA:  FLORES ISLAND:  EASTERN"	-8.405	123.08	33	5.9		13	1			390	3	1.45	2	1875	4			13	1			390	3	1.45	2	1875	4		
	1983	4	4	2	51	34.3			"INDONESIA:  SUMATERA:  BANDA ACEH"	5.723	94.722	79	6.6	7		1			100	2	1	2						1			100	2	1	2				
	1983	4	22	0	37	37			"THAILAND:  BANGKOK"	14.926	99.023	10	5.9									2												2				
	1983	8	6	4	52	53.6			"PAKISTAN:  ZIARAT"	30.349	67.84	10	4.2									2	25	1	25	1								2	25	1		
	1983	11	30	17	46	0.6	2150		"INDIAN OCEAN:  CHAGOS ARCHIPELAGO:  DIEGO GARCIA"	-6.852	72.11	10	7.6	6								1												1				
	1984	2	16	17	18	41.6			"PAKISTAN-NW AFGHANISTAN:  HINDU KUSH: CHITRAL-LANDI"	36.431	70.826	208	6.1	6	4	1			13	1	5	2					4	1			13	1	5	2				
	1984	8	27	6	41	26.2			"INDONESIA:  N SUMATERA:  TARUTUNG"	1.761	99.075	33	5.2						123	3	1	2	415	3							123	3	1	2	415	3		
	1984	12	30	23	33	37.7			"INDIA:  ASSAM, CACHAR DISTRICT"	24.641	92.891	23	5.6		20	1			100	2		3					20	1			100	2		3				
	1985	4	13	1	6	0.1	2160		"INDONESIA:  DENPASAR, BALI"	-9.245	114.185	99	6.2									2		2										2		2		
	1986	1	29	11	56	34.6			"INDONESIA:  SUMATERA:  S, HAHAT, MUARAENIM"	-3.904	103.461	33	5						2	1		3									2	1		3				
	1986	4	26	7	35	16.1			"INDIA:  KASHMIR:  DHARMSALA,  LAHORE, PAKISTAN"	32.128	76.374	33	5.3		6	1			30	1		3					6	1			60	1		3				3
	1986	5	15	14	38	9.2			"PAKISTAN:  BARKHAM, MATAKARI, HAMTAROT"	29.627	69.363	18	5.2									3												3				
	1986	10	16	19	54	10.4			"PAKISTAN:  KHUZDAR"	27.727	66.65	43	4.5									1	150	3	150	3								1	150	3		
	1987	4	25	19	22	7.2			"INDONESIA:  SUMATERA:  N, TARUTUNG-LAKE TOBA,"	2.244	98.866	11	6.6		2	1			22	1	1	2	300	3			2	1			22	1	1	2	300	3		
	1987	11	26	1	43	14	2178	4663	"INDONESIA:  TIMOR:  PANTAR, MOUNT SIRUNG"	-8.247	124.155	33	6.5		125	3			108	3	5	2	237	3			125	3			108	3	5	2	237	3		
	1988	2	6	14	50	45.2			"BANGLADESH:  SYLHET; INDIA:  TIPURA-ASSAM"	24.688	91.57	33	5.8		2	1			100	2		2					2	1			100	2		2				
	1988	8	6	0	36	24.6	2372		"MYANMAR (BURMA);  INDIA:  GAUHATI, SIBSAGAR, IMPHAL"	25.149	95.127	91	7.2	6	3	1			42	1		2					5	1	30	1	42	1		2				
	1988	8	20	23	9	9.5	5735		"NEPAL-INDIA:  KATHMANDU, BIHAR"	26.755	86.616	57	6.6	8	998	3					131.5	4					998	3		1			131.5	4				
	1989	6	12	0	4	9.7			"BANGLADESH:  BANARIPARA"	21.861	89.763	6	5.1		1	1				3		2					1	1				3		2				
	1989	7	14	20	42	40			"INDONESIA:  TIMOR:  ALOR"	-8.081	125.129	10	6.2									2																
	1990	3	4	19	46	19.6			"PAKISTAN:  KALAT, QUETTA, MASTUNG"	28.925	66.331	10	6.1		11	1			40	1	1	2				3	11	1			40	1	1	2				3
	1990	6	17	4	51	45.5			"PAKISTAN:  BALUCHISTAN"	27.398	65.719	15	6.3						6	1		1									6	1		1				
	1990	7	6	0	16	20.4			"INDONESIA:  JAVA:  W, KUNINGAN, MAJALENGA"	-6.904	108.12	14	4.8						103	3		3	10300	4							103	3		3	10300	4		
	1990	11	15	2	34	32.4			"INDONESIA:   N SUMATERA, BLANGKEJEREN, KUTACANE"	3.908	97.457	48	6.8		1	1			32	1	2.1	2					1	1			32	1	2.1	2				
	1991	1	5	14	57	11.5			"MYANMAR (BURMA):  THABEIKKYIN, MANDALAY"	23.613	95.901	20	7.1									1			32	1								1			32	1
	1991	7	4	11	43	10.4			"INDONESIA:  TIMOR:  KALABAHI, DILI"	-8.099	124.681	29	6.5		28	1			181	3	7.7	3	1150	4			28	1			181	3	7.7	3	1150	4		
	1991	10	19	21	23	14.3			"INDIA:  CHAMOLI, UTTARKASHI, NEW DELHI, CHANDIGARH"	30.78	78.774	10	7	8	2000	4			1800	4	60	4	7500	4	7500	4	2000	4			1800	4	60	4	7500	4		
	1991	11	8	15	13	44.1			"INDIA:  JODHPUR, JAISALMER"	26.323	70.607	22	5									1												1				
	1991	11	22	0	40	23.9			"YEMEN:  WESTERN  ARABIAN PENINSULA"	13.887	44.068	10	4.7		11	1			40	1		2	17	1	87	2	11	1			40	1		2	17	1	87	2
	1992	2	4	1	58	39.7			"INDONESIA:  JAWA, BREBES"	-7.138	109.067	58	4.4						1	1		3	800	3	700	3					1	1		3	800	3	700	3
	1992	5	20	12	20	32.8			"PAKISTAN:  PESHAWAR, KOHAT, SHAKKAR KHEL"	33.377	71.317	16	6		36	1			100	2		2	400	3			6	1			100	2		2	400	3		
	1992	8	28	0	50	50.4			"PAKISTAN:  KALAT"	29.087	66.74	9	5.5		4	1			200	3		2		3			4	1			200	3		2		3		
	1992	12	12	5	29	26.3	2214		"INDONESIA:  FLORES REGION, MAUMERE, BABI"	-8.48	121.896	28	7.8		1000	4			500	3	100	4	31785	4			2500	4			2103	4	100	4	31785	4		
	1993	9	29	22	25	48.6			"INDIA:  LATUR-OSMANABAD, KILLARI"	18.066	76.451	7	6.2	8	11000	4			30000	4	300	4		4		4	11000	4			30000	4	300	4		4		4
	1993	10	20	16	15	59.6			"NEPAL: NW; INDIA:  UTTAR PRADESH"	28.723	82.28	37	5.1									1																
	1993	11	12	13	27	28.1			"INDIA:  LATUR"	18.12	76.533	10	4.6						25	1		1									25	1		1			100	2
	1994	2	15	17	7	43.8			"INDONESIA:  SOUTHERN SUMATERA, LIWA, LAMPUNG"	-4.967	104.302	23	6.9		207	3			2000	4	170.476	4	6000	4			207	3			2000	4	170.476	4	6000	4		
	1994	6	2	18	17	34	2227		"INDONESIA:  JAVA"	-10.477	112.835	18	7.8			1						1					238	3			423	3	2.2	2	1500	4		
	1994	6	3	21	6	59.8	2592		"INDONESIA:  JAVA"	-10.362	112.892	26	6.6																									
	1994	6	4	0	57	50.6	5576		"INDONESIA:  JAVA"	-10.777	113.366	11	6.5																									
	1994	6	5	1	45	2.7	2593		"INDONESIA:  JAVA"	-10.341	113.369	17	6.1																									
	1995	5	14	11	33	21.1	2245		"INDONESIA:  TIMOR, DILI, MALIANA, MAUBARA"	-8.452	125.049	13	6.9	7													11	1			19	1		1		2		
	1995	10	6	18	9	45.9			"INDONESIA:  SUMATERA, JAMBI PROVINCE"	-2.045	101.436	33	6.8		84	2			1868	4		4	17600	4			84	2			1868	4		4	17600	4		
	1997	2	27	21	8	2.3			"PAKISTAN:  HARNAI-SIBI, QUETTA"	29.976	68.208	33	7.1		60	2				3		2	500	3	500	3	60	2				3		2	500	3		
	1997	3	19	19	57	11.9			"PAKISTAN:  BAJAUR, CHITRAL"	34.872	71.62	50	4.9		15	1						1				1	15	1						1				1
	1997	5	21	22	51	28.7			"INDIA:  SOUTHERN:  JABALPUR"	23.083	80.041	36	5.8	8	56	2			1000	4	143	4	8546	4	8546	4	56	2			1000	4	143	4	8546	4	52690	4
	1997	8	20	7	15	15.9			"INDONESIA:  N. SUMATERA, ACEH, BANDA ACEH, MEDAN"	4.358	96.494	33	6									2		3										2		3		
	1997	11	21	11	23	6.3			"INDIA-BANGLADESH:  CHITTAGONG, BANGLADESH"	22.212	92.702	54	6.1		23	1			200	3		1	1	1		1	23	1			200	3		1	1	1		1
	1998	9	28	13	34	30.4			"INDONESIA:  JAWA, MALANG, BLITAR, BANTUR"	-8.194	112.413	152	6.6		1	1						1	38	1	62	2	1	1						1	38	1	62	2
	1999	3	28	19	5	11			"INDIA:  CHAMOLI, RUDRAPRAYAG, TEHRI GARHWAL"	30.512	79.403	15	6.6	8	100	2			394	3	70	4	21100	4	21100	4	100	2			394	3		4	21100	4		
	1999	7	22	10	42	11.7			"BANGLADESH:  MAHESHKHALI ISLAND, COX'S BAZAAR"	21.544	91.895	10	4.2		6	1			200	3		3	700	3			6	1			200	3		3	700	3		
	1999	12	21	14	14	57.6			"INDONESIA:  PANDEGLANG, W JAWA, SE SUMATERA"	-6.845	105.555	56	6.5		5	1			220	3	3.9	2			2800	4	5	1			220	3	3.9	2			2800	4
	2000	1	3	22	34	12.6			"INDIA-BANGLADESH BORDER:  MAHESHKHALI"	22.132	92.771	33	4.6									1												1			100	2
	2000	6	4	16	28	26.1			"INDONESIA:  SUMATRA:  BENGKULU, ENGGANO"	-4.721	102.087	33	7.9	6	103	3			2174	4	6	3					103	3			2174	4	6	3				
	2000	6	7	23	45	26.6			"INDONESIA:  SOUTHERN SUMATERA:  LAHAT"	-4.612	101.905	33	6.7		1	1						2			600	3	1	1						2			600	3
	2000	6	18	14	44	13.3	2341		"AUSTRALIA:  S, COCOS ISLANDS"	-13.802	97.453	10	7.9																									
	2000	7	12	1	10	42.6			"INDONESIA: JAWA:BANDUNG,CIBADAK,CIMANDIRI,KADUDAMPIT"	-6.675	106.845	33	5.4						6	1		2			225	3					6	1		2			225	3
	2001	1	26	3	16	40.5			"INDIA:  GUJARAT:  BHUJ, AHMADABAD, RAJOKOT; PAKISTAN"	23.419	70.232	16	7.7	10	20005	4			166836	4	2623	4	339000	4	339000	4	20005	4			166836	4	2623	4	339000	4		
	2001	2	19	15	51	35			"LAOS;  VIETNAM: DIENBIEN PHU"	21.396	102.715	10	4.9	8					4	1		3			2174	4					4	1		3			2174	4
	2001	12	19	7	54	7.9			"BANGLADESH:  DHAKA"	23.632	90.376	10	4.5	6					100	2		1				2					100	2		1				2
	2002	6	20	5	40	43.3			"BANGLADESH:  RANGPUR, THAKURGAON, ALMANAGAR"	25.842	88.932	40	4.5						55	2		1				2					55	2		1				2
	2002	9	13	22	28	29.4	2399		"INDIA:  ANDAMAN ISLANDS:  RONGAT, DIGLIPUR,ARIEL BAY"	13.036	93.068	21	6.5		2	1						1	40	1		1	2	1						2	40	1		1
	2002	11	1	22	9	29.2			"PAKISTAN:  GILGIT"	35.517	74.654	33	5.4		11	1			40	1		3		3		3	11	1			40	1		3			1000	4
	2002	11	2	1	26	10.7			"INDONESIA:  SUMATERA:  SIMEULUE"	2.824	96.085	30	7.3		3	1			65	2		3			994	3	3	1			65	2		3			994	3
	2002	11	20	21	32	30.8			"PAKISTAN:  DASHKIN, DOIAN, MUSHKIN"	35.414	74.515	33	6.3		19	1			40	1		3	100	2	100	2	19	1			40	1		3	100	2	1256	4
	2003	1	23	0	8	22.8			"INDONESIA:  SUMBAWA ISLAND:  DOMPU"	-8.807	118.524	33	5.5	6					2	1		2			500	3					2	1		2			500	3
	2003	3	21	11	38	20			"INDONESIA:  JAVA:  CARACAS, CILIMUS, SAMPORA"	-6.983	108.468	33	4.6									2												2			800	3
	2003	3	25	2	53	25			"INDONESIA:  FLORES:  REO"	-8.294	120.743	33	6.5		4	1			20	1		1				2	4	1			20	1		1				2
	2003	3	25	18	51	26.3			"BHUTAN:  PHUENTSHOLING"	27.264	89.331	47	5.5									1												1				1
	2003	7	15	20	27	50.5			"INDIAN OCEAN:  FELT IN MALDIVES"	-2.598	68.382	10	7.6																									
	2003	7	26	23	18	17.9			"BANGLADESH:  RANGAMATI"	22.854	92.306	10	5.7		2	1			25	1		2	500	3			2	1			25	1		2	500	3		
	2003	9	21	18	16	13.4			"MYANMAR (BURMA):  TAUNGDWINGYI; THAILAND:  BANGKOK"	19.917	95.672	10	6.6									1				2								1				2
	2003	12	5	23	41	27.4			"INDONESIA:  FLORES, RUTENG"	-8.137	120.524	33	4.9									1				1								1				1
	2004	1	1	20	59	31.9			"INDONESIA:  BALI, LOMBOK"	-8.31	115.788	45	5.8	6	1	1			29	1	12	3	6000	4			1	1			29	1	12	3	6000	4		
	2004	2	14	10	30	22.1			"PAKISTAN:  BALAKOT, BATGRAM, MANSEHRA"	34.774	73.216	11	5.4		24	1			40	1		3	1420	4	1420	4	24	1			40	1		3	1420	4	5379	4
	2004	2	16	14	44	39.9			"INDONESIA:  SUMATRA:  PADANGPANJANG"	-0.466	100.655	56	5.1		5	1			7	1		1					5	1			7	1					100	2
	2004	2	22	6	46	27			"INDONESIA:  SUMATRA:  PESISIR SELATAN"	-1.559	100.488	42	6						1	1		1									1	1		1				3
	2004	4	9	1	55	50.7			"INDONESIA:  SUMATRA:  PADANG"	-1.549	100.54	66	5.4									1												1				1
	2004	4	16	18	32	24			"INDONESIA:  BALI"	-8.669	114.65	96	5.5									1				1								1				1
	2004	4	23	1	50	30.2			"INDONESIA:  TIMOR: KUPANG"	-9.362	122.839	66	6.7									1												1				
	2004	5	8	20	11	44.2			"PAKISTAN:  QUETTA"	30.126	67.121	10	4.5		1	1			30	1		1					1	1			30	1		1				1
	2004	11	11	21	26	41.1	3013		"INDONESIA:  KEPULAUAN ALOR"	-8.152	124.868	10	7.5		34	1			400	3		3	781	3	16712	4	34	1			400	3		3	781	3	16712	4
	2004	12	9	8	49	0.2			"INDIA:  HAILAKANDI, CACHAR"	24.757	92.539	35	5.4							2		1										2		1				
	2004	12	26	0	58	53.4	2439		"INDONESIA:  SUMATRA:  ACEH:  OFF WEST COAST"	3.316	95.854	30	9.1		1001	4				3	10000	4		3		3	227899	4				3	10000	4		4		4
	2005	2	2	5	55	18.2			"INDONESIA:  JAVA:  GARUT"	-7.037	107.819	15	4.8		1	1				2		2		2		2	1	1				2		2		2		
	2005	2	15	11	15	11.7			"INDIA:  KHASPUR"	24.55	92.524	35	5.1									1												1				
	2005	3	2	11	12	14.9			"PAKISTAN:  QUETTA"	30.378	68.038	52	4.9						1	1		1									1	1		1				
	2005	3	14	9	43	49.1			"INDIA:  MAHARASHTRA:  KOLHAPUR, RATNAGIRI, SATARA"	17.145	73.73	10	4.9						45	1		2									45	1		2				
	2005	3	15	2	7	6.8			"INDIA:  MAHARASHTRA:  DHEBEWADI"	17.072	73.668	10	4.3									1												1				
	2005	3	28	16	9	36.5	2487		"INDONESIA:  SUMATERA:  SW"	2.085	97.108	30	8.6		1303	4			340	3		4	300	3	300	3	1313	4			340	3		4	300	3		
	2005	4	10	10	29	11.2	2507		"INDONESIA:  PADANG"	-1.644	99.607	19	6.7	5																								
	2005	7	5	1	52	2.9			"INDONESIA:  SUMATRA:  NIAS ISLAND:  GUNUNGSITOLI"	1.819	97.082	21	6.7									1												1				
	2005	7	18	2	4	59.8			"INDONESIA:  TIMOR:  TIMOR TENGAH UTARA"	-9.948	124.48	10	5.3									1		1		1								1		1		
	2005	7	24	15	42	6.2			"INDIA:  ANDAMAN ISLANDS,  NICOBAR ISLANDS"	7.92	92.19	16	7.2									1		1		1								1		1		
	2005	8	14	6	33	32.5			"INDIA:  MAHARASHTRA"	17.398	74.118	35	4.4	7								2												2				
	2005	8	16	3	45	54.1			"INDIA:  UTTARANCHAL:  UTTARKAHI"	30.924	78.56	43	4.4	6								1		1		1								1		1		
	2005	8	30	8	53	17.4			"INDIA: MAHARASHTRA: AMBEGHAR, DICHOLI, KISRULE"	17.067	73.773	10	4.7	6								1												1				
	2005	10	8	3	50	40.8			"PAKISTAN:  MUZAFFARABAD, URI, ANANTNAG, BARAMULA"	34.539	73.588	26	7.6	8	76213	4			146599	4	6680	4		3		3	76213	4			146599	4	6680	4		3		
	2005	12	14	7	9	54.1			"INDIA:  JAUSARI, CHAMOLI, NANDPRAYAG"	30.476	79.255	44	5.3		1	1			4	1		2	1	1	1	1	1	1			4	1		2	1	1		
	2006	2	14	0	55	25			"INDIA:  SIKKIM"	27.382	88.388	30	5.3		2	1			2	1		1					2	1			2	1		1				
	2006	2	23	20	4	53.5			"BHUTAN:  TASHIGANG"	26.912	91.705	10	5.8									1	126	3	126	3								1	126	3		
	2006	3	7	18	20	46.1			"INDIA:  GUJARAT"	23.777	70.899	10	5.5						7	1		1		1		1					7	1		1		1		
	2006	3	10	7	50	14.3			"PAKISTAN:  MIRPUR DISTRICT"	33.129	73.887	10	4.9		1	1			22	1							1	1			22	1						
	2006	3	28	8	35	43.3			"INDONESIA:  N. SUMATRA: TAPAKTUAN"	3.462	97.224	30	5									1												1				
	2006	4	4	9	12	23.4			"PAKISTAN:  BATGRAM"	34.6	73.136	10	4.8						28	1		1		2		2					28	1		1		2		
	2006	4	6	17	59	16.4			"INDIA:  GUJARAT"	23.322	70.477	10	5.5									1												1				
	2006	5	12	8	16	56.5			"INDONESIA:  SUMATRA:  KALIANDAK"	-5.575	105.395	17	5.5									1		2		2								1		2		
	2006	5	26	22	53	58.9			"INDONESIA:   JAVA:  BANTUL, YOGYAKARTA"	-7.961	110.446	13	6.3		5749	4			38568	4	3100	4	127000	4	127000	4	5749	4			38568	4	3100	4	127000	4		
	2006	7	17	8	19	25	2832		"INDONESIA:  JAVA"	-9.254	107.411	34	7.7														802	3			498	3	55	4	1623	4		
	2006	12	1	14	1	47.5			"INDONESIA:  SUMABAWA:  BIMA"	-8.251	118.777	43	6.3		1	1			14	1		1	20	1			1	1			14	1		1	20	1		
	2006	12	12	17	2	29.7			"THAILAND:  MAE RIM"	18.901	98.916	10	4.6									1	5	1										1	5	1		
	2006	12	17	21	39	17.4			"INDONESIA:  SUMATERA:  NORTHERN, MUARASIPONGI"	0.626	99.859	30	5.8		7	1			100	2		3	680	3			7	1			100	2		3	680	2		
	2006	12	24	22	43	26.7			"INDIA:  RAJASTHAN"	26.88	76.15	10	4.2																					1				
	2007	3	6	3	49	38.9			"INDONESIA:  SUMATRA:  SOUTHERN"	-0.493	100.498	19	6.4	8	67	2			826	3		3	43719	4		4	67	2			826	3		3	43719	4		4
	2007	5	16	8	56	16.4			"LAOS:  BOKEO;  THAILAND:  CHIANG RAI, CHIAN SAEN"	20.504	100.746	24	6.3									1												1				
	2007	7	22	23	2	14.7			"INDIA:  UTTARKASHI, CHAMOLI, MUZAFFARNAGAR"	30.881	78.239	19	4.3						3	1		1		1		1					3	1		1		1		
	2007	8	8	17	4	58			"INDONESIA:  JAVA"	-5.968	107.655	289	7.5																									
	2007	8	20	19	15	53.5			"INDIA:  MAHARASHTRA:  SATARA"	17.2	73.7	5	4.4									1												1				
	2007	9	9	18	36	37.6			"INDONESIA:  SITUBONDO"	-7.783	114.338	35	4.8						13	1		1									13	1		1				
	2007	9	12	11	10	26.8	3228		"INDONESIA:  SUMATRA"	-4.438	101.367	34	8.4		25	1			161	3		3	56425	4		4	25	1			161	3		3	56425	4		4
	2007	9	12	23	49	3.7			"INDONESIA:  SUMATRA"	-2.625	100.841	35	7.9																									
	2007	10	26	6	50	6.6			"PAKISTAN:  GHANCHE"	35.304	76.753	10	4.8		1	1			12	1							1	1			12	1						
	2007	11	6	9	38	5.7			"INDIA:  GUJARAT"	21.181	70.724	10	5.1		1	1			5	1		1		2		2	1	1			5	1		1		2		
	2007	11	7	7	10	21.9			"BANGLADESH:  CHITTAGONG, BANDARBAN, RANGAMATI"	22.15	92.388	29	5.1						10	1		1									10	1		1				
	2007	11	25	16	2	17.9			"INDONESIA:  SUMBAWA ISLAND"	-8.277	118.339	35	6.5		3	1				3		2		3			3	1				3		2		3		
	2007	11	25	23	12	17			"INDIA:  BADAUN, MEERUT, NOIDA, REWARI"	28.555	77.057	10	4.7									1		1		1								1		1		
	2008	1	12	22	44	47.3			"INDIA-BANGLADESH:  RANGAMATI, BANGLADESH"	22.761	92.333	34	5									1				2								1				2
	2008	1	22	17	14	57.9			"INDONESIA:  SUMATRA:  NIAS ISLAND:  GUNUNGSITOLI"	1.011	97.442	20	6.1		1	1			5	1		1					1	1			5	1		1				2
	2008	2	6	6	9	40.4			"INDIA:  WEST BENGAL"	23.433	87.111	10	4.3		1	1			50	1		2					1	1			50	1		2				3
	2008	2	20	8	8	30.5			"INDONESIA:  SUMATERA:  ACEH PROVINCE"	2.768	95.964	26	7.4		3	1			25	1							3	1			25	1						
	2008	2	25	8	36	33	3382		"INDONESIA:  SUMATRA:  PADANG"	-2.486	99.972	25	6.5									1				2								1				2
	2008	3	9	11	10	41			"INDIA:  GUJARAT"	23.33	70.592	10	4.5									1												1				1
	2008	6	6	21	16	33.8			"INDIA:  MANPUR"	24.702	84.964	11	3.8						2	1		1									2	1		1				
	2008	9	9	3	7	27.5			"INDONESIA:  SUMATRA:  SOUTHERN"	-3.935	103.058	25	5.4		2	1						2					2	1						2			113	3
	2008	9	16	21	47	14.5			"INDIA:  MAHARASHTRA"	17.438	73.915	10	5		1	1			20	1		3					1	1			20	1		3			1500	4
	2008	10	28	23	9	57.6			"PAKISTAN:  QUETTA"	30.639	67.351	15	6.4	6	215	3			320	3		4	3487	4	3487	4	215	3			320	3		4	3487	4	4125	4
	2008	10	29	11	32	43.1			"PAKISTAN:  ZIARAT"	30.598	67.455	14	6.4						1	1		2		2		2					1	1		2		2		
	2008	12	25	20	20	51.5			"MYANMAR (BURMA)"	23.97	97.569	35	4.7						19	1		3	30	1	30	1					19	1		3	30	1	5400	4
	2009	2	20	3	48	48.2			"PAKISTAN; INDIA:  KASHMIR"	34.204	73.899	10	5.4						44	1		1									44	1		1				2
	2009	3	26	4	44	11.6			"INDIA:  CHAIBASA"	22.399	85.903	10	4.1						5	1		1									5	1		1				1
	2009	4	9	1	46	58.2			"INDIA:  JAISALMER"	27.143	70.749	44	5.2						6	1		2									6	1		2				2
	2009	5	19	19	29	48.9			"INDIA:  KASHMIR"	33.198	75.787	21	4.9									1												1			100	2
	2009	8	10	19	55	35.6	4419		"INDIA:  ANDAMAN I"	14.099	92.888	5	7.5																									
	2009	8	16	7	38	21.7	4482		"INDONESIA:  SUMATRA:  PADANG"	-1.479	99.49	20	6.7						9	1											9	1						
	2009	8	30	19	27	48.8			"MYANMAR (BURMA);  INDIA:  SIBSAGAR"	25.28	95.101	82	5.2									1												1				
	2009	9	2	7	55	1	5734		"INDONESIA:  JAVA"	-7.782	107.297	46	7		81	2			1297	4		3			54000	4	81	2			1297	4		3			54000	4
	2009	9	18	23	6	57.7			"INDONESIA:  BALI:  DENPASAR"	-9.138	115.593	79	5.7						7	1		1				2					7	1		1				2
	2009	9	21	8	53	5.9			"BHUTAN:  TASHIGANG"	27.332	91.437	14	6.1		11	1						3		3		3	11	1				3		3		3		
	2009	9	30	10	16	9.2	4441		"INDONESIA:  SUMATRA:  PADANG"	-0.72	99.867	81	7.5		1117	4			1214	4	2200	4		3	181665	4	1117	4			1214	4	2200	4		3	181665	4
	2009	10	1	1	52	27.3			"INDONESIA:  SUMATRA:  SOUTHERN:  KERINCI"	-2.515	101.501	10	6.6		3	1					10	3		3		3	3	1					10	3		3		
	2009	10	29	17	0	38.6			"BHUTAN:  MONGAR, PEMAGATSEL, TASHIGANG"	27.262	91.417	26	5.3									2	1	1	1	1								2	1	1	116	3
	2009	11	8	19	41	43.3			"INDONESIA:  SUMABAWA:  BIMA"	-8.207	118.631	18	6.6		2	1			200	3	2.43	2					2	1			200	3	2.43	2				2
	2009	12	12	11	51	25.7			"INDIA:  MAHARASHTRA:  SATARA"	17.109	73.767	10	5.1									1												1				2
	2009	12	31	9	57	29.7			"BHUTAN:  DAMETSI"	27.319	91.51	10	5.2						2	1		2									2	1		2			700	3
	2010	1	10	0	25	4.2			"INDONESIA:  JAVA:  GARUT"	-7.907	107.879	65	5.1		1	1			2	1							1	1			2	1						
	2010	3	30	16	54	46.7			"INDIA: ANDAMAN ISLANDS:  DIGLIPUR"	13.667	92.831	34	6.7						10	1		2									10	1		2				3
	2010	4	6	22	15	1.5	4763		"INDONESIA:  SUMATRA"	2.383	97.048	31	7.8																									
	2010	4	20	0	17	8			"AUSTRALIA:  KALGOORLIE"	-30.794	121.406	0	5.2						3	1		1									3	1		1				1
	2010	5	1	22	36	29.3			"INDIA:  CHAMOLI"	30.099	80.026	36	4.5									1												1				
	2010	5	9	5	59	41.6			"INDONESIA:  N. SUMATRA: SIMEULUE ISLAND"	3.748	96.018	38	7.2									1												1				
	2010	6	12	19	26	50.4	4902		"INDIA:  LITTLE NICOBAR ISLAND"	7.881	91.936	35	7.5	6																								
	2010	6	18	23	9	31			"INDIA:  ANDAMAN ISLANDS:  DIGLIPUR"	13.197	93.087	20	5.9									1												1				2
	2010	6	22	23	14	10.8			"INDIA:  TAULI"	29.872	80.428	16	5.2									1		1		1								1		1		
	2010	9	10	17	24	16.6			"BANGLADESH:  NARAYANGANJ"	23.407	90.648	10	4.8	5								1												1				
	2010	10	10	21	44	25.9			"PAKISTAN:  KHANPUR, HARIPUR"	33.869	72.887	33	5.2		1	1			15	1		2			100	1	1	1			15	1		1			100	2
	2010	10	25	14	42	22	5342		"INDONESIA:  SUMATRA"	-3.487	100.082	20	7.8														431	3					39	4	700	3		
	2010	11	12	9	37	19.9			"PAKISTAN:  QUETTA"	30.178	67.117	27	4.7						12	1		1				2					12	1		1				2
	2011	1	18	20	23	23.4			"PAKISTAN: GARHI KHAIRO, QUETTA, BALOCHISTAN"	28.777	63.951	68	7.2		3	1				2		2	200	3	200	3	3	1				2		2			200	3
	2011	2	4	13	53	46.2			"MYANMAR (BURMA):  MONYWA"	24.618	94.68	85	6.3		1	1						1		2			1	1						1		2		
	2011	3	24	13	55	12			"MYANMAR:  TACHILEK"	20.687	99.822	8	6.8		75	2			123	3	3.6	2			10104	4	75	2			123	3	3.6	2			10104	4
	2011	4	4	11	31	43			"NEPAL-INDIA:  UTTARAKHAND, UTTAR PRADESH"	29.698	80.754	26	5.4									1												1				
	2011	9	5	17	55	11.2			"INDONESIA:  SUMATRA"	2.965	97.893	91	6.7		10	1						1				2	10	1						1				2
	2011	9	7	17	58	18.7			"INDIA:  DELHI"	28.724	77.189	10	4.3						1	1											1	1		1				
	2011	9	18	12	40	51.8			"INDIA:  SIKKIM"	27.73	88.155	50	6.9		111	3			177	3	22.3	3	6000	4	6000	4	111	3			177	3	22.3	3		4	6000	4
	2011	10	20	17	18	34.1			"INDIA:  GUJARAT"	21.211	70.533	10	5						34	1		3			3000	4					34	1		3			3000	4
	2011	10	29	0	43	55.1			"INDIA:  SIKKIM"	27.449	88.684	10	3.5		2	1											2	1										
	2011	11	21	3	15	42.2			"INDIA:  ASSAM"	24.955	95.236	114	5.8									1												1				
	2012	4	11	8	38	36.7	5449		"INDONESIA:  N SUMATRA:  OFF WEST COAST"	2.327	93.063	20	8.6		10	1			12	1		1				2	10	1			12	1		1				2
	2012	4	11	10	43	10.8	5450		"INDONESIA:  N SUMATRA:  OFF WEST COAST"	0.802	92.463	25	8.2																									
	2012	5	11	12	41	35.3			"INDIA:  ASSAM:  KAMRUP, GUWAHATI"	26.175	92.889	43	5.4						2	1		1				2					2	1		1				2
	2012	6	4	11	18	13.4			"INDONESIA:  JAVA"	-7.692	106.371	50	5.8						2	1		1			23	1					2	1		1			23	1
	2012	7	25	0	27	45.2			"INDONESIA: BANDA ACEH"	2.707	96.045	22	6.5		1	1						1			20	1	1	1						1			20	1
	2012	10	18	2	33	27.9			"INDIA:  DEURALA, JAISINGHNAGAR, KOTMA, SARAI, UMARIA"	23.739	81.314	10	5									1		2	1	1								1		2	1	1
	2012	11	11	1	12	38.8			"MYANMAR (BURMA):  SHWEBO"	23.005	95.885	14	6.8		26	1			230	3		2	251	3			26	1			230	3		2	251	3		
	2013	1	21	22	22	52.7			"INDONESIA:  SUMATERA:  N"	4.927	95.907	12	6.1		1	1			15	1		1			71	2	1	1			15	1		1			71	2
	2013	5	1	6	57	13.4			"INDIA:  KASHMIR:  DODA, KISHTWAR, RAMBAN"	33.061	75.863	15	5.7		3	1			90	2	19.5	3	1136	4	95532	4	3	1			90	2	19.5	3	1136	4	95532	4
	2013	6	22	5	42	39.8			"INDONESIA:  LOMBOK ISLAND"	-8.305	116.058	47	5.1						50	1		3	5370	3	1700	4					50	1		3	5370	4	1700	4
	2013	7	2	7	37	2.6			"INDONESIA:  BANDA ACEH"	4.645	96.665	13	6.1		42	1			2500	4		3	20401	4			42	1	6	1	2500	4		3	20401	4		
	2013	7	8	2	13	40.6			"INDONESIA:  JAVA"	-8.803	113.002	60	5.7						1	1		1	124	3							1	1		1	124	3		
	2013	8	2	21	37	7			"INDIA:  KASHMIR:  KISHTWAR"	33.297	75.95	42	5.2	3					2	1		2				3					2	1		2				3
	2013	9	24	11	30	37	5506		"PAKISTAN:  AWARAN, KECH"	26.951	65.501	15	7.7	4	825	3			619	3		4	32638	4	14118	4	825	3			619	3		4	32638	4	14118	4
	2013	9	28	7	34	45			"PAKISTAN: AWARAN"	27.183	65.505	12	6.8		22	1			50	1				2		2	22	1			50	1				2		2
	2013	10	22	5	40	1			"INDONESIA:  BANDA ACEH"	5.103	95.971	10	5.5	5	1	1			2	1		1			160	3	1	1			2	1		1			160	3
	2014	1	25	5	14	51			"INDONESIA:  JAVA:  BANYUMAS"	-7.986	109.265	66	6.1	5								1	1	1		2								1	1	1		2
	2014	2	26	0	1	29			"AUSTRALIA:  KALGOORLIE"	-30.686	121.332	1	4.5									1												1				
	2014	5	5	11	8	42			"THAILAND:  CHIANG RAI"	19.656	99.67	6	6.1	5	1	1			32	1	62	4	20	1		3	1	1			32	1	62	4	20	1		3
	2014	5	8	22	52	23			"PAKISTAN:  NAWABSHAH"	26.387	68.358	15	4.5		2	1			70	2		1		2			2	1			70	2		1		2		
	2015	2	26	21	59	14			"PAKISTAN:  BATTAGRAM"	34.671	73.278	30	5.4	4					5	1		1			2	1					5	1		1			2	1
	2015	4	25	6	12	35			"NEPAL:   KATHMANDU; INDIA; CHINA; BANGLADESH"	28.231	84.731	8	7.8	8	8200	4	366	3	17866	4	10000	4	299588	4	269107	4	8200	4	366	3	17866	4	10000	4	299588	4	269107	4
	2015	5	12	7	6	13			"NEPAL:   DOLAKHA"	27.809	86.066	15	7.3	7	117	3			2800	4		2		2			117	3			2800	4		2		2		
	2015	6	28	1	5	56			"INDIA:  KOKRAJHAR"	26.638	90.41	26	5.3						2	1						3					2	1		1				3
	2015	7	24	20	59	12			"PAKISTAN:  ABBOTTABAD"	33.856	73.193	17	5.1	5	3	1			1	1		1	3	1			3	1			1	1		1	3	1		
	2015	11	4	3	44	19			"INDONESIA:  EAST NUSA TENGGARA:  ALOR"	-8.338	124.875	20	6.5	5							9	3			1468	4							9	3			1468	4
	2016	1	3	23	5	27			"INDIA:  IMPAHL"	24.804	93.651	55	6.7	7	13	1			100	2	75	4				2	13	1			100	2	75	4				2
	2016	3	2	12	49	11	5598		"INDONESIA: SUMATRA:"	-4.952	94.33	24	7.8	5																								
	2016	4	13	13	55	8			"INDIA: ASSAM; BANGLADESH"	23.094	94.865	136	6.9	5	2	1			170	3		2			4	1	2	1			170	3		2			4	1
	2016	6	1	22	56	8			"INDONESIA:  SUMATRA:  PESISIR SELATAN"	-2.097	100.665	50	6.6	5	1	1			30	1		2			2663	4	1	1			30	1		2			2663	4
	2016	7	31	23	41	28			"INDONESIA:  SUMBAWA ISLAND:  WEST NUSA TENGGARA"	-8.194	117.814	21	5.6	6					4	1		2			700	3					4	1		2			700	3
	2016	8	24	10	34	58			"MYANMAR (BURMA): CHAUK"	20.923	94.569	82	6.8	5	4	1			20	1	10	3			230	3	4	1			20	1	10	3			230	2
	2016	10	1	8	4	33			"PAKISTAN:  MANSEHRA, NARAN"	34.905	73.682	10	5.4	2	1	1				2		1		2			1	1				2		1		2		
	2016	12	6	22	3	39			"INDONESIA:  SUMATRA:  ACEH:  PIDIE JAYA"	5.283	96.168	13	6.5	8	104	3			857	3	100	4	245	3	18752	4	104	3			857	3	100	4	245	3	18752	4
	2017	1	3	9	9	8			"INDIA:  AMBASA;  BANGLADESH"	24.015	92.018	32	5.7		3	1				1		1				2	3	1				1		1				2
	2017	1	11	22	7	7			"MADAGASCAR: ANTSIRABE"	-20.16	46.647	7	5.5		2	1				1		1				1	2	1				1		1				1
	2017	2	7	22	3	39			"PAKISTAN:  PASNI"	25.191	63.264	29	6.3									1	20	1		1								1	20	1		1
	2017	3	13	14	20	7			"MYANMAR (BURMA):  THARRAWADDY"	17.399	96	10	5.1		2	1			36	1		1		1		1	2	1			36	1		1		1		1
	2017	3	21	23	10	15			"INDONESIA:  BALI"	-8.492	115.323	112	5.6						4	1		2		1							4	1		2		1		
	2017	6	21	4	40				"NEPAL:  DHADING"	27.64	85.17		3.2		1	1			1	1							1	1			1	1						
	2017	12	15	16	47	23			"INDONESIA:  JAVA"	-7.492	108.174	90	6.5	7	4	1			36	1		2			4825	4	4	1			36	1		2			4825	4
	2018	1	23	6	35	38			"INDONESIA:  JAVA:  BANTEN"	-7.092	105.963	48	5.9	6	1	1			11	1		2			2760	4	1	1			11	1		2			2760	4
	2018	1	31	23	13	4			"ECUADOR:  PASTAZA"	-1.744	-77.672	21	5.2	4	1	1										1	1	1										1
	2018	4	18	6	28	35			"INDONESIA:  JAVA:  BANJARNEGARA"	-7.21	109.65	4	4.4	2	3	1			21	1		2			316	3	3	1			21	1		2			316	3
	2018	5	15	15	48	9			"COMOROS:  MAYOTTE"	-12.778	45.593	17	5.8						3	1		1				1					3	1		1				1
	2018	7	21	7	58	15			"INDONESIA: SUMATRA: SOLOK"	-0.965	100.771	10	5.2		1	1			2	1		1	2	1	10	1	1	1			2	1		1	2	1	10	1
	2018	7	28	22	47	37	5778		"INDONESIA:  LOMBOK ISLAND"	-8.274	116.491	6	6.4		17	1			355	3		3	5448	4		3	17	1			355	3		3	5448	4		3
	2018	8	5	11	46	37	5685		"INDONESIA:  LOMBOK ISLAND"	-8.287	116.452	31	6.9		560	3			7733	4	509	4		3	83392	4	560	3			7733	4	509	4		3	83392	4
	2018	8	9	5	25	31			"INDONESIA:  LOMBOK ISLAND"	-8.394	116.208	10	5.9		2	1			24	1		2				3	2	1			24	1		2				3
	2018	8	19	4	10	21			"INDONESIA:  LOMBOK ISLAND"	-8.325	116.577	8	6.3		2	1			1	1		2			1705	4	2	1			1	1		2			1705	4
	2018	8	19	14	56	28			"INDONESIA:  LOMBOK ISLAND"	-8.324	116.626	26	6.9		10	1			24	1		2			151	3	10	1			24	1		2			151	3
	2018	9	12	4	50	46			"INDIA:  WEST BENGAL"	26.374	90.165	10	5.3		1	1											1	1										
	2018	10	10	18	44	55			"INDONESIA:  MADURA ISLAND, JAVA"	-7.456	114.453	9	6	5	4	1			36	1		1			433	3	4	1			36	1		1			433	3
	2019	2	1	10	23	54			"INDIA:  MAHARASHTRA:  PALGHAR"	19.9	72.8	5	3.6		1	1						1					1	1						1				
	2019	2	27	23	27	4			"INDONESIA: SUMATRA: SOLOK"	-1.301	101.601	10	5.4						48	1		2			343	3					48	1		2			343	3
	2019	3	17	7	7	27			"INDONESIA:  LOMBOK ISLAND"	-8.418	116.52	24	5.5		6	1				1		2	843	3	3613	4	6	1				1		2	843	3	3613	4
	2019	4	12	11	40	49			"INDONESIA:  SULAWESI ISLAND: LUWUK"	-1.852	122.553	18	6.8		1	1											1	1										
	2019	7	24	19	33	15			"INDIA:  MAHARASHTRA:  PALGHAR"	20	72.9	10	3.8		1	1				1		1				1	1	1				1		1				1
	2019	8	2	12	3	27			"INDONESIA:  JAVA:  BANTEN"	-7.267	104.825	53	6.9		6	1			3	1		2	13	1	458	3	6	1			3	1		2	13	1	458	3
	2019	9	24	11	1	55			"PAKISTAN:  MIRPUR DISTRICT"	33.106	73.766	10	5.6		39	1			746	3	17	3	1756	4	5709	4	39	1			746	3	17	3	1756	4	5709	4
	2020	3	10	10	18	6			"INDONESIA:  JAVA:  SUKABUMI, BOGOR"	-6.808	106.676	23	5	8					4	1		2			1137	4					4	1		2			1137	4
	2020	5	29	5	30		5748	7504	"INDONESIA:  JAVA:  IJEN"	-8.058	114.242																1	1										
	2021	4	10	7	0	17			"INDONESIA: JAVA: LUMAJANG, MALANG"	-8.562	112.519	82	6	7	8	1			39	1		3	85	2	1104	4	8	1			39	1		3	85	2	1104	4
	2021	4	28	2	21	26			"INDIA:  ASSAM"	26.782	92.436	34	6	9	2	1			12	1		2			428	3	2	1			12	1		2			428	3